,event_date,event_timestamp,user_pseudo_id,string_value,solution
0,20200731,1596241784669842,1178513102.1595896751,"#######
#     #
#     #
#  @  #
#     #
#     #
#######",[]
1,20200731,1596243530430921,1178513102.1595896751,"#######
#     #
#  $  #
# ..@ #
#  $  #
#     #
#######","[3, 3, 1, 2, 0, 2, 2, 1, 2, 1, 3]"
2,20200731,1596243576177936,1178513102.1595896751,"#######
#    .#
#  $  #
# ..@ #
#  $  #
#     #
#######",[]
3,20200731,1596243576177936,1178513102.1595896751,"#######
#    .#
#  $ .#
# ..@ #
#  $  #
#     #
#######",[]
4,20200731,1596243581214651,1178513102.1595896751,"#######
#    .#
#  $ $#
# ..@ #
#  $  #
#     #
#######","[0, 3, 1, 3, 1, 2, 0, 2, 2, 1, 2, 1, 3]"
5,20200731,1596243581214651,1178513102.1595896751,"#######
#    $#
#  $.@#
# ..@$#
#  $  #
#     #
#######",[]
6,20200731,1596243589522287,1178513102.1595896751,"#######
#    $#
#  $.@#
# .$.$#
#  #  #
#     #
#######",[]
7,20200731,1596243589522287,1178513102.1595896751,"#######
#    $#
#  ..@#
# @$@$#
#  .  #
#     #
#######",[]
8,20200731,1596243589522287,1178513102.1595896751,"#######
#    $#
#  #.@#
# $.$$#
#  @  #
#     #
#######",[]
9,20200731,1596243600213762,1178513102.1595896751,"#######
#    $#
#  $.@#
# .@.$#
#  $  #
#     #
#######",[]
10,20200731,1596243600213762,1178513102.1595896751,"#######
#    .#
#  $.@#
# .@.$#
#  $  #
#     #
#######",[]
11,20200731,1596243600213762,1178513102.1595896751,"#######
#    .#
#  $.@#
# .@$$#
#  $  #
#     #
#######",[]
12,20200731,1596243611748039,1178513102.1595896751,"#######
#    .#
#  $.@#
# .@$.#
#  $  #
#     #
#######",[]
13,20200731,1596243611748039,1178513102.1595896751,"#######
#    .#
#  $.$#
# .@$.#
#  $  #
#     #
#######","[1, 3, 0, 1, 2, 2, 0, 2, 0, 0, 3, 3, 3, 2, 1, 1, 2, 0, 2, 0, 3]"
14,20200731,1596243617071160,1178513102.1595896751,"#######
#    .#
#  $. #
# .@$.#
#  $  #
#     #
#######",[]
15,20200731,1596243622156511,1178513102.1595896751,"#######
#    .#
#  $. #
#  @$.#
#  $  #
#     #
#######","[1, 3, 0, 2, 0, 2, 2, 1, 3, 3, 3, 1, 3, 0, 0]"
16,20200731,1596243706578238,1178513102.1595896751,"#######
#    .#
#  $. #
# @$..#
#  $  #
#     #
#######",[]
17,20200731,1596243706578238,1178513102.1595896751,"#######
#    .#
#  .. #
# $$$.#
#  @  #
#     #
#######",[]
18,20200731,1596243712758779,1178513102.1595896751,"#######
#    .#
#  .$ #
# $$$.#
#  @  #
#     #
#######",[]
19,20200731,1596243718683853,1178513102.1595896751,"#######
#    .#
# ..$ #
# $$$.#
#  @  #
#     #
#######","[3, 0, 3, 2, 1, 2, 1, 3, 1, 3, 3, 0, 0, 0]"
20,20200731,1596186019948849,191958985.1596185982,"#######
#     #
#     #
#  @  #
#     #
#     #
#######",[]
21,20200731,1596186031404893,191958985.1596185982,"#######
#    ##
#     #
#  @  #
#     #
#     #
#######",[]
22,20200731,1596186031404893,191958985.1596185982,"#######
#     #
#     #
#  @  #
#     #
#     #
#######",[]
23,20200731,1596186219711754,191958985.1596185982,"#######
#   # #
#     #
#  @  #
#     #
#     #
#######",[]
24,20200731,1596186219711754,191958985.1596185982,"#######
#   # #
#   # #
#  @  #
#     #
#     #
#######",[]
25,20200731,1596186219711754,191958985.1596185982,"#######
#   # #
#   # #
#  @# #
#     #
#     #
#######",[]
26,20200731,1596186219711754,191958985.1596185982,"#######
#   # #
#   # #
#  @# #
#   # #
#     #
#######",[]
27,20200731,1596186228790384,191958985.1596185982,"#######
#   # #
#   # #
#  @# #
# $ # #
#     #
#######",[]
28,20200731,1596186228790384,191958985.1596185982,"#######
#   # #
#   # #
#  @# #
# $@# #
#     #
#######",[]
29,20200731,1596186234715633,191958985.1596185982,"#######
#   # #
#   # #
#  @# #
# $ # #
#     #
#######",[]
30,20200731,1596186239716507,191958985.1596185982,"#######
#   # #
#   # #
#  @# #
# $ # #
#  $  #
#######",[]
31,20200731,1596186239716507,191958985.1596185982,"#######
#   #$#
#   # #
#  @# #
# $ # #
#  $  #
#######",[]
32,20200731,1596186239716507,191958985.1596185982,"#######
#   #.#
#   # #
#  @# #
# $ # #
#  $  #
#######",[]
33,20200731,1596186244715102,191958985.1596185982,"#######
#.  #.#
#   # #
#  @# #
# $ # #
#  $  #
#######",[]
34,20200731,1596186275379729,191958985.1596185982,"#######
#.  #.#
#   # #
#  @# #
# $ . #
#  $  #
#######",[]
35,20200731,1596186275379729,191958985.1596185982,"#######
#.  #.#
#   # #
#  @# #
# $   #
#  $  #
#######",[]
36,20200731,1596186275380576,191958985.1596185982,"#######
#.  #.#
#   # #
#  @# #
# $   #
#     #
#######",[]
37,20200731,1596186275380576,191958985.1596185982,"#######
#.  #.#
#   # #
#  @# #
# $ $ #
#     #
#######","[2, 1, 2, 1, 3, 3, 3, 0, 0, 2, 2, 0, 2, 0, 3, 3, 3]"
38,20200731,1596186105190903,191958985.1596185982,"#######
#     #
#     #
#  @  #
#     #
#     #
#######",[]
39,20200731,1596203903667635,191958985.1596185982,"#######
#     #
#     #
#  @  #
#     #
#     #
#######",[]
40,20200731,1596204104023447,191958985.1596185982,"#######
#     #
#     #
#  @  #
#     #
#     #
#######",[]
41,20200731,1596204119889665,191958985.1596185982,"#######
#     #
#  .  #
# $@  #
#     #
#     #
#######","[2, 1, 3, 1, 3, 0]"
42,20200731,1596204119889665,191958985.1596185982,"#######
#     #
#  .  #
# $@ ##
#     #
#     #
#######","[2, 1, 3, 1, 3, 0]"
43,20200731,1596204119889665,191958985.1596185982,"#######
#     #
#  .  #
# $@ ##
#    ##
#     #
#######","[2, 1, 3, 1, 3, 0]"
44,20200731,1596204134851487,191958985.1596185982,"#######
#    .#
#  .  #
# $@ ##
#    ##
#     #
#######",[]
45,20200731,1596204139835528,191958985.1596185982,"#######
#   $.#
#  .  #
# $@ ##
#    ##
#     #
#######","[2, 1, 3, 1, 3, 0, 3, 0, 0]"
46,20200729,1596043519881385,2086780983.1595904176,"#######
#     #
#     #
#  @  #
#     #
#     #
#######",[]
47,20200729,1596043526910883,1149737756.1596043521,"#######
#     #
#     #
#  @  #
#     #
#     #
#######",[]
48,20200729,1596043536003891,1149737756.1596043521,"#######
#     #
#     #
#  @# #
#     #
#     #
#######",[]
49,20200729,1596043536003891,1149737756.1596043521,"#######
#     #
##    #
#  @# #
#     #
#     #
#######",[]
50,20200729,1596043542961808,1149737756.1596043521,"#######
#     #
###   #
#  @# #
#     #
#     #
#######",[]
51,20200729,1596043542961808,1149737756.1596043521,"#######
#     #
###   #
# #@# #
#     #
#     #
#######",[]
52,20200729,1596043542961808,1149737756.1596043521,"#######
#     #
### # #
# #@# #
#     #
#     #
#######",[]
53,20200729,1596043542961808,1149737756.1596043521,"#######
#     #
### ###
# #@# #
#     #
#     #
#######",[]
54,20200729,1596043578637542,1149737756.1596043521,"#######
#     #
###@.9999998###
# #@# #
#     #
#     #
#######",[]
55,20200729,1596043586605959,1149737756.1596043521,"#######
#     #
### ###
# #@# #
#     #
#     #
#######",[]
56,20200729,1596043592391827,1149737756.1596043521,"#######
#     #
### ###
# #@# #
#  @.9999998  #
#     #
#######",[]
57,20200729,1596043614215006,1149737756.1596043521,"#######
#     #
### ###
# #@# #
#  @.9999998  #
# @.9999998   #
#######",[]
58,20200729,1596043620195041,1149737756.1596043521,"#######
#     #
### ###
#.#@# #
#  @.9999998  #
# @.9999998   #
#######",[]
59,20200729,1596043680193404,1149737756.1596043521,"#######
#     #
### ###
#.#@# #
#  @.
a
#
#
a

a

a

a
 #
#######",[]
60,20200729,1596043698159108,1149737756.1596043521,"#######
#     #
#     #
#     #
#     #
#     #
#######",[]
61,20200729,1596077270175763,1357295541.1596077264,"#######
#     #
#     #
#  @  #
#     #
#     #
#######",[]
62,20200729,1596077275483000,1357295541.1596077264,"#######
#   # #
#     #
#  @  #
#     #
#     #
#######",[]
63,20200729,1596077275483000,1357295541.1596077264,"#######
#   # #
#   # #
#  @  #
#     #
#     #
#######",[]
64,20200729,1596077275483000,1357295541.1596077264,"#######
#   # #
#   # #
#  @# #
#     #
#     #
#######",[]
65,20200729,1596077275483000,1357295541.1596077264,"#######
#   # #
#   # #
#  @# #
#   # #
#     #
#######",[]
66,20200729,1596077275483000,1357295541.1596077264,"#######
#   # #
#   # #
#  @# #
# # # #
#     #
#######",[]
67,20200729,1596077280777783,1357295541.1596077264,"#######
#   # #
#   # #
#  @# #
# # # #
# #   #
#######",[]
68,20200729,1596077280777783,1357295541.1596077264,"#######
#   # #
#   # #
# #@# #
# # # #
# #   #
#######",[]
69,20200729,1596077280777783,1357295541.1596077264,"#######
#   # #
# # # #
# #@# #
# # # #
# #   #
#######",[]
70,20200729,1596077286938391,1357295541.1596077264,"#######
#  .# #
# # # #
# #@# #
# # # #
# #   #
#######",[]
71,20200729,1596077286938391,1357295541.1596077264,"#######
#  .# #
# ### #
# $$@ #
# #.# #
# #   #
#######",[]
72,20200729,1596077286938391,1357295541.1596077264,"#######
#  .# #
# #####
# $$@ #
# #.# #
# #   #
#######",[]
73,20200802,1596402092675620,1818652418.1595894372,"#######
#     #
#     #
#  @  #
#     #
#     #
#######",[]
74,20200802,1596364468217326,773017984.1596364461,"#######
#     #
#     #
#  @  #
#     #
#     #
#######",[]
75,20200802,1596364468217326,773017984.1596364461,"#######
#     #
#   $ #
#  @  #
#     #
#     #
#######",[]
76,20200802,1596364477605691,773017984.1596364461,"#######
#     #
#   $ #
#  @  #
#     #
#    .#
#######","[3, 0, 3, 0, 2, 2, 2]"
77,20200802,1596364483352137,773017984.1596364461,"#######
#     #
#   $ #
#  @  #
#    ##
#    .#
#######","[3, 3, 0, 2, 2, 2, 1, 2, 0]"
78,20200802,1596364483352137,773017984.1596364461,"#######
#     #
#   $ #
#  @  #
#   ###
#    .#
#######","[0, 0, 3, 1, 3, 1, 2, 2, 2, 1, 2, 0, 0]"
79,20200802,1596364500983874,773017984.1596364461,"#######
#     #
#   $ #
# .@  #
#   ###
#    .#
#######",[]
80,20200802,1596364512289361,773017984.1596364461,"#######
#     #
#   $ #
# .@  #
#   $##
#    .#
#######","[3, 3, 0, 2, 0, 2, 1, 1, 0, 2, 1, 2, 0]"
81,20200802,1596364522308645,773017984.1596364461,"#######
#     #
# ..###
# $$$@#
# .@#@#
# @#$$#
#######",[]
82,20200802,1596426307715411,1233118574.1596426303,"#######
#     #
#     #
#  @  #
#     #
#     #
#######",[]
83,20200802,1596409168255142,1353504925.1596409161,"#######
#     #
#     #
#  @  #
#     #
#     #
#######",[]
84,20200802,1596413792567606,1885967541.1596413787,"#######
#     #
#     #
#  @  #
#     #
#     #
#######",[]
85,20200802,1596403169580866,1991034092.1596403164,"#######
#     #
#     #
#  @  #
#     #
#     #
#######",[]
86,20200802,1596403238894978,1991034092.1596403164,"#######
# .   #
#     #
#  @  #
#     #
#     #
#######",[]
87,20200802,1596403244085587,1991034092.1596403164,"#######
# .   #
#  @.9999998  #
# @.9999998@.9999998@.9999998 #
#  @.9999998  #
#     #
#######",[]
88,20200802,1596403244085587,1991034092.1596403164,"#######
# .   #
#  @.9999998  #
# #@.9999998@.9999998 #
#  @.9999998  #
#     #
#######",[]
89,20200802,1596403244085587,1991034092.1596403164,"#######
# .   #
# #@.9999998  #
# #@.9999998@.9999998 #
#  @.9999998  #
#     #
#######",[]
90,20200802,1596403244085587,1991034092.1596403164,"#######
# .   #
# #@.9999998  #
# ##@.9999998 #
#  @.9999998  #
#     #
#######",[]
91,20200802,1596403244085587,1991034092.1596403164,"#######
# .   #
# .@.9999998  #
# ##@.9999998 #
#  @.9999998  #
#     #
#######",[]
92,20200802,1596403252734046,1991034092.1596403164,"#######
# .   #
# .@.9999998  #
# .@.9999998@.9999998 #
#  @.9999998  #
#     #
#######",[]
93,20200802,1596403293319676,1991034092.1596403164,"#######
# .   #
# .@.9999998  #
# @.9999998@.9999998@.9999998 #
#  @.9999998  #
#     #
#######",[]
94,20200802,1596403293319676,1991034092.1596403164,"#######
# .   #
# .@.9999998  #
# .@.9999998@.9999998 #
#  @.9999998  #
#     #
#######",[]
95,20200802,1596403293319676,1991034092.1596403164,"#######
# .   #
# .@.9999998  #
# .#@.9999998 #
#  @.9999998  #
#     #
#######",[]
96,20200802,1596403293319676,1991034092.1596403164,"#######
# .   #
# .@.9999998  #
# .## #
#  @.9999998  #
#     #
#######",[]
97,20200802,1596403299510069,1991034092.1596403164,"#######
# . @.9999998 #
# .@.9999998  #
# .## #
#  @.9999998  #
#     #
#######",[]
98,20200802,1596403299510069,1991034092.1596403164,"#######
# . @.9999998 #
# .@.9999998  #
# @.9999998@.9999998@.9999998 #
#  @.9999998  #
#     #
####",[]
99,20200802,1596403299510069,1991034092.1596403164,"#######
# . @.9999998 #
# .@.9999998  #
# .@.9999998@.9999998 #
#  @.9999998  #
#     #
#######",[]
100,20200802,1596403299510069,1991034092.1596403164,"#######
# . @.9999998 #
# .@.9999998  #
# .@.9999998@.9999998 #
#  #  #
#     #
#######",[]
101,20200802,1596403126135013,1178513102.1595896751,"#######
#     #
#     #
#  @  #
#     #
#     #
#######",[]
102,20200802,1596426789882274,1299520380.1596426784,"#######
#     #
#     #
#  @  #
#     #
#     #
#######",[]
103,20200802,1596426910113751,1299520380.1596426784,"#######
# .   #
#     #
#  @  #
#     #
#     #
#######",[]
104,20200802,1596426910113751,1299520380.1596426784,"#######
# .   #
#  @  #
# $.@ #
#  $  #
#     #
#######",[]
105,20200802,1596426915287002,1299520380.1596426784,"#######
# .   #
#  @  #
# $$. #
#  $  #
#     #
#######",[]
106,20200802,1596426915287002,1299520380.1596426784,"#######
# .   #
#  .  #
# .$$ #
#  $  #
#     #
#######",[]
107,20200802,1596426915287002,1299520380.1596426784,"#######
# .   #
#  $  #
# @$$ #
#  .  #
#     #
#######",[]
108,20200802,1596426915287002,1299520380.1596426784,"#######
# .   #
#  $  #
# ..$ #
#  @  #
#     #
#######",[]
109,20200802,1596426922526825,1299520380.1596426784,"#######
# .   #
#  $  #
# $.$ #
#  .  #
#     #
#######",[]
110,20200802,1596426922526825,1299520380.1596426784,"#######
# .   #
#  $  #
# .$. #
#  @  #
#     #
#######",[]
111,20200802,1596426922526825,1299520380.1596426784,"#######
# . $ #
#  $  #
# .$. #
#  @  #
#     #
#######","[0, 3, 1, 0, 0, 3, 3, 1, 1, 2, 1, 2, 0, 2, 2, 1, 3]"
112,20200802,1596426934670103,1299520380.1596426784,"#######
# . $ #
#  .  #
# @$@ #
#  .  #
#     #
#######",[]
113,20200802,1596425042201993,1742650310.1596425034,"#######
#     #
#     #
#  @  #
#     #
#     #
#######",[]
114,20200802,1596425072902627,1742650310.1596425034,"#######
#     #
#     #
#     #
#     #
#     #
#######",[]
115,20200802,1596425084422677,1742650310.1596425034,"#######
#     #
#     #
# .   #
#  @  #
#     #
#######",[]
116,20200802,1596425089976588,1742650310.1596425034,"#######
#     #
#  $  #
# .@$ #
#  .  #
#     #
#######","[1, 3, 3, 0, 2, 0, 2, 1, 0, 0, 2, 1]"
117,20200802,1596425089976588,1742650310.1596425034,"#######
#     #
#  $  #
# ..@ #
#  .  #
#     #
#######",[]
118,20200802,1596407181202832,391320080.1596407172,"#######
#     #
#     #
#  @  #
#     #
#     #
#######",[]
119,20200802,1596426850882159,640654159.1596426843,"#######
#     #
#     #
#  @  #
#     #
#     #
#######",[]
120,20200802,1596426868133614,640654159.1596426843,"#######
#     #
#  $  #
#  @  #
#     #
#     #
#######",[]
121,20200802,1596426878841991,640654159.1596426843,"#######
#     #
#  $$ #
#  @  #
#     #
#     #
#######",[]
122,20200802,1596426878841991,640654159.1596426843,"#######
#     #
#  $$$#
#  @  #
#     #
#     #
#######",[]
123,20200802,1596426885372549,640654159.1596426843,"#######
#    $#
#  $$$#
#  @  #
#     #
#     #
#######",[]
124,20200802,1596426890582734,640654159.1596426843,"#######
#    .#
#  $$$#
#  @  #
#     #
#     #
#######",[]
125,20200802,1596426913213393,640654159.1596426843,"#######
#    .#
#  $$$#
#  @  #
#     #
#   @ #
#######",[]
126,20200802,1596426913213393,640654159.1596426843,"#######
#    .#
#  $$$#
#  @  #
#     #
#  @@ #
#######",[]
127,20200802,1596426913213393,640654159.1596426843,"#######
#    .#
#  $$$#
#  @  #
#     #
#  @  #
#######",[]
128,20200802,1596426918815856,640654159.1596426843,"#######
#    .#
#  $$$#
#     #
#     #
#  @  #
#######",[]
129,20200802,1596426918815856,640654159.1596426843,"#######
#    .#
#  $$$#
#     #
#$    #
#  @  #
#######",[]
130,20200802,1596426918815856,640654159.1596426843,"#######
#    .#
#  $$$#
#     #
#$$   #
#  @  #
#######",[]
131,20200802,1596426923936977,640654159.1596426843,"#######
#    .#
#  $$$#
#     #
#$$$  #
#  @  #
#######",[]
132,20200802,1596426923936977,640654159.1596426843,"#######
#    .#
#  $$$#
#     #
#$$$$ #
#  @  #
#######",[]
133,20200802,1596426923936977,640654159.1596426843,"#######
#    .#
# $$$$#
#     #
#$$$$ #
#  @  #
#######",[]
134,20200802,1596426943027869,640654159.1596426843,"#######
# @  .#
#..@$$#
# .   #
#$$$$ #
#  @  #
#######",[]
135,20200802,1596426943027869,640654159.1596426843,"#######
# @  .#
#..@$.#
# .   #
#$$$$ #
#  @  #
#######",[]
136,20200802,1596426950748658,640654159.1596426843,"#######
# @  .#
#..$$.#
# .   #
#$$.$ #
#  @  #
#######",[]
137,20200802,1596427029854012,640654159.1596426843,"#######
# @  .#
#..$$.#
# .   #
#$$.$ #
#  @  #
#######",[]
138,20200802,1596427059333823,640654159.1596426843,"#######
# @  .#
#..$$.#
# @   #
#$$.$ #
#  @  #
#######",[]
139,20200802,1596375645479147,748243329.1596375599,"#######
#     #
#     #
#  @  #
#     #
#     #
#######",[]
140,20200802,1596375645479147,748243329.1596375599,"#######
#     #
#     #
#  @# #
#     #
#     #
#######",[]
141,20200802,1596375645479147,748243329.1596375599,"#######
#     #
#   # #
#  @# #
#     #
#     #
#######",[]
142,20200802,1596375645479147,748243329.1596375599,"#######
#     #
#  ## #
#  @# #
#     #
#     #
#######",[]
143,20200802,1596375645479147,748243329.1596375599,"#######
#     #
# ### #
#  @# #
#     #
#     #
#######",[]
144,20200802,1596375645479147,748243329.1596375599,"#######
#     #
# ### #
# #@# #
#     #
#     #
#######",[]
145,20200802,1596375647182865,748243329.1596375599,"#######
#     #
# ### #
# #@# #
# #   #
#     #
#######",[]
146,20200802,1596375647182865,748243329.1596375599,"#######
#     #
# ### #
# #@# #
# ##  #
#     #
#######",[]
147,20200802,1596375647182865,748243329.1596375599,"#######
#     #
# ### #
# #@# #
# ### #
#     #
#######",[]
148,20200804,1596522126025566,846848609.1596522121,"#######
#     #
#     #
#  @  #
#     #
#     #
#######",[]
149,20200804,1596522539323465,846848609.1596522121,"#######
#     #
#     #
#  @  #
#     #
#     #
#######",[]
150,20200804,1596596347404598,137957650.1596596341,"#######
#     #
#     #
#  @  #
#     #
#     #
#######",[]
151,20200804,1596596357798459,137957650.1596596341,"#######
#     #
#  $  #
# ..@ #
#  $  #
#     #
#######","[3, 3, 1, 2, 0, 2, 2, 1, 2, 1, 3]"
152,20200804,1596596364767538,137957650.1596596341,"#######
##    #
#  $  #
# ..@ #
#  $  #
#     #
#######","[3, 3, 1, 2, 0, 2, 2, 1, 2, 1, 3]"
153,20200804,1596596371330521,137957650.1596596341,"#######
##$   #
#  $  #
# ..@ #
#  $  #
#     #
#######",[]
154,20200804,1596596371330521,137957650.1596596341,"#######
##$   #
#  $ @#
# ..@ #
#  $  #
#     #
#######",[]
155,20200804,1596596376373158,137957650.1596596341,"#######
##$   #
#  $ @#
# ..@ #
#  $  #
#.    #
#######",[]
156,20200804,1596596376373158,137957650.1596596341,"#######
# $   #
#  $ @#
# ..@ #
#  $  #
#.    #
#######",[]
157,20200804,1596596403397515,137957650.1596596341,"#######
# $   #
#  $ @#
# ..@ #
#  $  #
#.    #
#######",[]
158,20200804,1596596403397515,137957650.1596596341,"#######
# $   #
#  . @#
# $$. #
#  .  #
#.    #
#######",[]
159,20200804,1596596423091859,137957650.1596596341,"#######
# $   #
#  . @#
# $$. #
#  .  #
#.    #
#######",[]
160,20200804,1596596423091859,137957650.1596596341,"#######
#     #
#     #
#     #
#     #
#     #
#######",[]
161,20200804,1596596454900686,137957650.1596596341,"#######
#     #
#     #
#     #
#     #
#######
#######",[]
162,20200804,1596596454900686,137957650.1596596341,"#######
#     #
#  $  #
# .$. #
#  @  #
#######
#######","[1, 3, 0, 1, 3, 3, 0, 0, 2, 1, 3, 1, 2]"
163,20200804,1596596454900686,137957650.1596596341,"#######
#     #
#  .  #
# @$$ #
#  .  #
#######
#######","[3, 0, 0, 2, 0, 2, 1, 1, 3, 1, 1, 2, 0]"
164,20200804,1596596474961658,137957650.1596596341,"#######
#     #
#  $  #
# ..$ #
#  @  #
#######
#######","[0, 0, 3, 1, 3, 1, 3, 1, 2]"
165,20200804,1596596474961658,137957650.1596596341,"#######
#     #
# .$  #
# ..$ #
#  @  #
#######
#######",[]
166,20200804,1596596474961658,137957650.1596596341,"#######
#     #
# .$  #
# $.@ #
#  .  #
#######
#######",[]
167,20200804,1596596481678411,137957650.1596596341,"#######
#     #
# .$  #
# $.. #
#  $  #
#######
#######",[]
168,20200804,1596596481678411,137957650.1596596341,"#######
#     #
# ..  #
# @$. #
#  $  #
#######
#######",[]
169,20200804,1596596481678411,137957650.1596596341,"#######
#     #
# ..  #
# $$$ #
#  @  #
#######
#######",[]
170,20200804,1596596747167533,137957650.1596596341,"#######
#     #
# .$  #
# $.@ #
#  .  #
#######
#######",[]
171,20200804,1596596783736874,137957650.1596596341,"#######
#     #
#$.$  #
# $.@ #
#  .@ #
#######
#######",[]
172,20200804,1596596783736874,137957650.1596596341,"#######
#     #
#$.$  #
# $.@ #
#  .@ #
#######
#######",[]
173,20200804,1596596794176281,137957650.1596596341,"#######
#     #
#$.$  #
# $.@ #
#  .@ #
#######
#######",[]
174,20200804,1596585829243898,1178513102.1595896751,"#######
#     #
#     #
#  @  #
#     #
#     #
#######",[]
175,20200804,1596585948219095,1178513102.1595896751,"#######
#     #
#     #
#     #
#     #
#     #
#######",[]
176,20200804,1596585954329733,1178513102.1595896751,"#######
#     #
#     #
#     #
#@    #
#     #
#######",[]
177,20200804,1596585959454750,1178513102.1595896751,"#######
#     #
#     #
#     #
#@@   #
#     #
#######",[]
178,20200804,1596585965098742,1178513102.1595896751,"#######
#     #
#     #
#     #
#.@   #
#     #
#######",[]
179,20200804,1596585974078122,1178513102.1595896751,"#######
#     #
#     #
##    #
#.@   #
#     #
#######",[]
180,20200804,1596585974078122,1178513102.1595896751,"#######
#     #
#     #
###   #
#.@   #
#     #
#######",[]
181,20200804,1596585984082165,1178513102.1595896751,"#######
#     #
#     #
###   #
#.@#  #
#     #
#######",[]
182,20200804,1596585984082165,1178513102.1595896751,"#######
#     #
#     #
###   #
#.@$  #
#     #
#######","[2, 0, 0, 3, 1, 1]"
183,20200804,1596586033992328,1178513102.1595896751,"#######
#     #
#     #
###$  #
#.@$  #
#     #
#######",[]
184,20200804,1596586033992328,1178513102.1595896751,"#######
#     #
#     #
###$ $#
#.@$  #
#     #
#######",[]
185,20200804,1596586040905303,1178513102.1595896751,"#######
#     #
#     #
###$#$#
#.@$  #
#     #
#######",[]
186,20200804,1596586040905303,1178513102.1595896751,"#######
#     #
#     #
###$#$#
#.@   #
#     #
#######",[]
187,20200804,1596586062958193,1178513102.1595896751,"#######
#    .#
#     #
###$#$#
#.@   #
#     #
#######","[0, 0, 0, 3, 3, 1, 1, 2, 3, 0, 0, 2, 2, 1, 1, 1]"
188,20200804,1596586109367999,1178513102.1595896751,"#######
#.   .#
#     #
###$#$#
#.@   #
#     #
#######",[]
189,20200804,1596586142237540,1178513102.1595896751,"#######
#.$  .#
#     #
###$#$#
#.@   #
#     #
#######","[0, 0, 0, 3, 3, 1, 1, 3, 1, 0, 2, 2, 3, 0, 0, 2, 2, 1, 1, 1]"
190,20200804,1596586142237540,1178513102.1595896751,"#######
#.   .#
#     #
###$#$#
#.@   #
#     #
#######",[]
191,20200804,1596586158889713,1178513102.1595896751,"#######
#.   .#
# $   #
###$#$#
#.@   #
#     #
#######","[0, 0, 0, 3, 3, 1, 1, 2, 3, 3, 1, 1, 2, 0, 3, 0, 0, 2, 0, 2, 2, 1, 1, 1, 0, 3, 3, 0, 3, 1, 1]"
192,20200804,1596586309894919,1178513102.1595896751,"#######
#.   .#
# $   #
###$#$#
#.@   #
#     #
#######","[0, 0, 0, 3, 3, 1, 1, 2, 3, 3, 1, 1, 2, 0, 3, 0, 0, 2, 0, 2, 2, 1, 1, 1, 0, 3, 3, 0, 3, 1, 1]"
193,20200804,1596586392434295,1178513102.1595896751,"#######
#     #
#     #
#  @  #
#     #
#     #
#######",[]
194,20200804,1596586414094486,1178513102.1595896751,"#######
#     #
#     #
#  @  #
#     #
#     #
#######",[]
195,20200804,1596586414094486,1178513102.1595896751,"#######
# .   #
#     #
#  @  #
#     #
#     #
#######",[]
196,20200804,1596586414094486,1178513102.1595896751,"#######
# .   #
#   $ #
#  @  #
#     #
#     #
#######","[0, 3, 0, 3, 1, 1]"
197,20200804,1596586420185580,1178513102.1595896751,"#######
# .   #
#   $ #
# .@  #
#     #
#     #
#######",[]
198,20200804,1596586428630611,1178513102.1595896751,"#######
# . $ #
#   $ #
# .@  #
#     #
#     #
#######","[0, 0, 3, 1, 0, 3, 1, 1, 2, 0, 2, 1]"
199,20200804,1596586428630611,1178513102.1595896751,"#######
# . $ #
# @####
# $$$.#
# ..@##
# .@$##
#######",[]
200,20200804,1596586438393739,1178513102.1595896751,"#######
# . $ #
# #.$$#
# #.@$#
# #$#.#
# @.@##
#######",[]
201,20200804,1596586438393739,1178513102.1595896751,"#######
# . $ #
# $$.@#
# .@###
# ..$$#
# #.@$#
#######",[]
202,20200804,1596586438393739,1178513102.1595896751,"#######
# . $ #
# $$.@#
# .@###
# $.$$#
# #.@$#
#######",[]
203,20200804,1596586444211164,1178513102.1595896751,"#######
# . $ #
# .$.@#
# .@###
# $.$$#
# #.@$#
#######",[]
204,20200804,1596586450251420,1178513102.1595896751,"#######
# . $ #
# .$.@#
# .@.@#
# $@.$#
# #.@$#
#######",[]
205,20200804,1596586456754025,1178513102.1595896751,"#######
# . $ #
# $$.@#
# .$.@#
# $@.@#
# #@.$#
#######",[]
206,20200804,1596586456754025,1178513102.1595896751,"#######
# . $ #
# $$.@#
# .$.@#
# .$.@#
# $@.@#
#######",[]
207,20200804,1596586456754025,1178513102.1595896751,"#######
# . $ #
# $$.@#
# .$.@#
# .$.@#
# .@.@#
#######",[]
208,20200804,1596586463360343,1178513102.1595896751,"#######
# . $ #
# $..@#
# .$.@#
# $$.@#
# .@.@#
#######",[]
209,20200804,1596586463360343,1178513102.1595896751,"#######
# . $ #
# $.$@#
# $..@#
# $..@#
# .@.@#
#######",[]
210,20200804,1596586463360343,1178513102.1595896751,"#######
# . $ #
# $.$@#
# $..@#
# $..@#
# $@.@#
#######",[]
211,20200804,1596586468737455,1178513102.1595896751,"#######
# . $ #
# $$$@#
# $..@#
# $..@#
# $@.@#
#######",[]
212,20200804,1596586468737455,1178513102.1595896751,"#######
# . $ #
# @$$@#
# $$.@#
# $..@#
# $..@#
#######",[]
213,20200804,1596584097736607,890902572.1596584093,"#######
#     #
#     #
#  @  #
#     #
#     #
#######",[]
214,20200804,1596584121372728,890902572.1596584093,"#######
#     #
#  @.9999998  #
# ..@.9999998 #
#  @.9999998  #
#     #
#######",[]
215,20200804,1596584121372728,890902572.1596584093,"#######
#     #
#  @.9999998  #
# #.@.9999998 #
#  @.9999998  #
#     #
#######",[]
216,20200804,1596584121372728,890902572.1596584093,"#######
#     #
#  @.9999998  #
# ##@.9999998 #
#  @.9999998  #
#     #
#######",[]
217,20200804,1596584436816946,1371246741.1596584431,"#######
#     #
#     #
#  @  #
#     #
#     #
#######",[]
218,20200804,1596584449155581,1371246741.1596584431,"#######
#     #
# #   #
#  @  #
#     #
#     #
#######",[]
219,20200804,1596584455338956,1371246741.1596584431,"#######
# .   #
# #   #
#  @  #
#     #
#     #
#######",[]
220,20200804,1596584455338956,1371246741.1596584431,"#######
# .   #
# # $ #
#  @  #
#     #
#     #
#######","[0, 3, 0, 3, 1, 1]"
221,20200804,1596584455338956,1371246741.1596584431,"#######
# .   #
# # $ #
# .@  #
#     #
#     #
#######",[]
222,20200804,1596584455338956,1371246741.1596584431,"#######
# . $ #
# # $ #
# .@  #
#     #
#     #
#######","[0, 0, 3, 1, 0, 3, 1, 1, 2, 0, 2, 1]"
223,20200804,1596584464955158,1371246741.1596584431,"#######
# . $ #
#$# $ #
# .@  #
#     #
#     #
#######",[]
224,20200804,1596584471490162,1371246741.1596584431,"#######
# . $.#
#$# $ #
# .@  #
#     #
#     #
#######",[]
225,20200804,1596584531995623,1371246741.1596584431,"#######
# . $.#
#$# $ #
# .@  #
#     #
# .   #
#######",[]
226,20200804,1596584537580894,1371246741.1596584431,"#######
# . $.#
#$# $ #
# .@@ #
#     #
# .   #
#######",[]
227,20200804,1596584537580894,1371246741.1596584431,"#######
# . $.#
#$# $ #
# .@  #
#     #
# .   #
#######",[]
228,20200804,1596584537580894,1371246741.1596584431,"#######
# .  .#
#$# $ #
# .@  #
#     #
# .   #
#######",[]
229,20200804,1596584552436895,1371246741.1596584431,"#######
# .  .#
# # $ #
# .@  #
#     #
# .   #
#######",[]
230,20200804,1596584582544577,1371246741.1596584431,"#######
# .  .#
# # $ #
# .@  #
#     #
# .   #
#######",[]
231,20200804,1596584582544577,1371246741.1596584431,"#######
#    .#
# # $ #
# .@  #
#     #
# .   #
#######",[]
232,20200804,1596584582544577,1371246741.1596584431,"#######
#    .#
#   $ #
# .@  #
#     #
# .   #
#######",[]
233,20200804,1596584582544577,1371246741.1596584431,"#######
#    .#
#   $ #
#  @  #
#     #
# .   #
#######",[]
234,20200804,1596584582544577,1371246741.1596584431,"#######
#    .#
#   $ #
#  @  #
#     #
#     #
#######","[0, 3, 1, 3, 0]"
235,20200804,1596584635967548,1371246741.1596584431,"#######
#    .#
#   $ #
#  @  #
#     #
#     #
#######","[0, 3, 1, 3, 0]"
236,20200804,1596584635967548,1371246741.1596584431,"#######
#    .#
#   $ #
#     #
#     #
#     #
#######",[]
237,20200804,1596585371361356,1371246741.1596584431,"#######
#     #
#     #
#  @  #
#     #
#     #
#######",[]
238,20200804,1596585382397807,1371246741.1596584431,"#######
# .   #
#     #
#  @  #
#     #
#     #
#######",[]
239,20200804,1596585382397807,1371246741.1596584431,"#######
# .   #
#   $ #
#  @  #
#     #
#     #
#######","[0, 3, 0, 3, 1, 1]"
240,20200804,1596585382397807,1371246741.1596584431,"#######
# .   #
#   $ #
# .@  #
#     #
#     #
#######",[]
241,20200804,1596585388755165,1371246741.1596584431,"#######
# . $ #
#   $ #
# .@  #
#     #
#     #
#######","[0, 0, 3, 1, 0, 3, 1, 1, 2, 0, 2, 1]"
242,20200804,1596585399128387,1371246741.1596584431,"#######
# . $ #
#   $ #
# @@  #
#  .  #
#     #
#######",[]
243,20200804,1596585407652791,1371246741.1596584431,"#######
# . $ #
#   $ #
# $.@ #
#  .  #
#     #
#######","[0, 3, 1, 0, 3, 1, 1, 2, 1, 2, 1, 2, 0]"
244,20200804,1596585407652791,1371246741.1596584431,"#######
# . $ #
#  @$ #
# $.. #
#  .  #
#     #
#######",[]
245,20200804,1596585407652791,1371246741.1596584431,"#######
# . $ #
#  .$ #
# $.. #
#  $  #
#     #
#######",[]
246,20200804,1596585415481531,1371246741.1596584431,"#######
# . $ #
#  .$ #
# @.. #
#  $  #
#     #
#######",[]
247,20200804,1596585445897863,1371246741.1596584431,"#######
# . $ #
#  .$ #
# $$. #
#  @  #
#     #
#######",[]
248,20200804,1596585445897863,1371246741.1596584431,"#######
# . $ #
#  .$ #
# .@$ #
#  $  #
#     #
#######",[]
249,20200804,1596585445897863,1371246741.1596584431,"#######
# . $ #
#  $$ #
# .$$ #
#  .  #
#     #
#######",[]
250,20200804,1596585445897863,1371246741.1596584431,"#######
# . $ #
#  $$ #
# ... #
#  @  #
#     #
#######",[]
251,20200804,1596585451680329,1371246741.1596584431,"#######
# . $ #
#  .$ #
# $@. #
#  .  #
#     #
#######",[]
252,20200804,1596585451680329,1371246741.1596584431,"#######
# . $ #
#  .$ #
# $.@ #
#  $  #
#     #
#######",[]
253,20200804,1596585451680329,1371246741.1596584431,"#######
# . $ #
#  .$ #
# ... #
#  $  #
#     #
#######",[]
254,20200804,1596585451680329,1371246741.1596584431,"#######
# . $ #
#  .$ #
# $$. #
#  @  #
#     #
#######",[]
255,20200804,1596585451680329,1371246741.1596584431,"#######
# . $ #
#  .$ #
# .@$ #
#  $  #
#     #
#######",[]
256,20200804,1596585458724218,1371246741.1596584431,"#######
# . $ #
#  $$ #
# .$$ #
#  .  #
#     #
#######",[]
257,20200804,1596586064360330,1371246741.1596584431,"#######
#     #
#     #
#  @  #
#     #
#     #
#######",[]
258,20200804,1596586068836558,1371246741.1596584431,"#######
#@    #
#     #
#  @  #
#     #
#     #
#######",[]
259,20200804,1596586068836558,1371246741.1596584431,"#######
#@    #
#@    #
#  @  #
#     #
#     #
#######",[]
260,20200804,1596586068836558,1371246741.1596584431,"#######
#@    #
#@    #
#@ @  #
#     #
#     #
#######",[]
261,20200804,1596586068836558,1371246741.1596584431,"#######
#@    #
#@    #
#@ @  #
#@    #
#     #
#######",[]
262,20200804,1596586068836558,1371246741.1596584431,"#######
#@    #
#@    #
#@ @  #
#@    #
#@    #
#######",[]
263,20200804,1596586068836558,1371246741.1596584431,"#######
#@    #
#@    #
#@ @  #
#@    #
#@@   #
#######",[]
264,20200804,1596586068836558,1371246741.1596584431,"#######
#@    #
#@    #
#@ @  #
#@    #
#@@@  #
#######",[]
265,20200804,1596586068836558,1371246741.1596584431,"#######
#@    #
#@    #
#@ @  #
#@    #
#@@@@ #
#######",[]
266,20200804,1596586068836558,1371246741.1596584431,"#######
#@    #
#@    #
#@ @  #
#@    #
#@@@@@#
#######",[]
267,20200804,1596586068836558,1371246741.1596584431,"#######
#@    #
#@    #
#@ @  #
#@   @#
#@@@@@#
#######",[]
268,20200804,1596586068836558,1371246741.1596584431,"#######
#@    #
#@    #
#@ @ @#
#@   @#
#@@@@@#
#######",[]
269,20200804,1596586068836558,1371246741.1596584431,"#######
#@    #
#@   @#
#@ @ @#
#@   @#
#@@@@@#
#######",[]
270,20200804,1596586068836558,1371246741.1596584431,"#######
#@   @#
#@   @#
#@ @ @#
#@   @#
#@@@@@#
#######",[]
271,20200804,1596586068836558,1371246741.1596584431,"#######
#@  @@#
#@   @#
#@ @ @#
#@   @#
#@@@@@#
#######",[]
272,20200804,1596586068836558,1371246741.1596584431,"#######
#@  @@#
#@  @@#
#@ @ @#
#@   @#
#@@@@@#
#######",[]
273,20200804,1596586068836558,1371246741.1596584431,"#######
#@  @@#
#@  @@#
#@ @@@#
#@   @#
#@@@@@#
#######",[]
274,20200804,1596586068836558,1371246741.1596584431,"#######
#@  @@#
#@  @@#
#@ @@@#
#@  @@#
#@@@@@#
#######",[]
275,20200804,1596586122313068,1371246741.1596584431,"#######
#     #
#     #
#  @  #
#     #
#     #
#######",[]
276,20200804,1596586156906960,1371246741.1596584431,"#######
# @   #
#     #
#  @  #
#     #
#     #
#######",[]
277,20200804,1596586156906960,1371246741.1596584431,"#######
# @   #
# @   #
#  @  #
#     #
#     #
#######",[]
278,20200804,1596586156906960,1371246741.1596584431,"#######
# @   #
# @   #
# @@  #
#     #
#     #
#######",[]
279,20200804,1596586156906960,1371246741.1596584431,"#######
# @   #
# @   #
# @@  #
# @   #
#     #
#######",[]
280,20200804,1596586156906960,1371246741.1596584431,"#######
# @   #
# @   #
# @@  #
# @   #
# @   #
#######",[]
281,20200804,1596586156906960,1371246741.1596584431,"#######
#@@   #
# @   #
# @@  #
# @   #
# @   #
#######",[]
282,20200804,1596586156906960,1371246741.1596584431,"#######
#@@   #
#@@   #
# @@  #
# @   #
# @   #
#######",[]
283,20200804,1596586156906960,1371246741.1596584431,"#######
#@@   #
#@@   #
# @@  #
#@@   #
# @   #
#######",[]
284,20200804,1596586156906960,1371246741.1596584431,"#######
#@@   #
#@@   #
# @@  #
#@@   #
#@@   #
#######",[]
285,20200804,1596586156906960,1371246741.1596584431,"#######
#@@   #
#@@   #
#@@@  #
#@@   #
#@@   #
#######",[]
286,20200804,1596586156906960,1371246741.1596584431,"#######
#@$   #
#@@   #
#@@@  #
#@@   #
#@@   #
#######",[]
287,20200804,1596586156906960,1371246741.1596584431,"#######
#@$   #
#@$   #
#@@@  #
#@@   #
#@@   #
#######",[]
288,20200804,1596586162057193,1371246741.1596584431,"#######
#@$   #
#@$   #
#@$@  #
#@@   #
#@@   #
#######",[]
289,20200804,1596586162057193,1371246741.1596584431,"#######
#@$   #
#@$   #
#@$@  #
#@$   #
#@@   #
#######",[]
290,20200804,1596586162057193,1371246741.1596584431,"#######
#@$.  #
#@$   #
#@$@  #
#@$   #
#@@   #
#######",[]
291,20200804,1596586162057193,1371246741.1596584431,"#######
#@$.  #
#@$.  #
#@$@  #
#@$   #
#@@   #
#######",[]
292,20200804,1596586162057193,1371246741.1596584431,"#######
#@$.  #
#@$.  #
#@$.  #
#@$   #
#@@   #
#######",[]
293,20200804,1596586162057193,1371246741.1596584431,"#######
#@$.  #
#@$.  #
#@$.  #
#@$.  #
#@@   #
#######",[]
294,20200804,1596586162057193,1371246741.1596584431,"#######
#@$.  #
#@$.  #
#@$.  #
#@$.  #
#@@@  #
#######",[]
295,20200804,1596586455346913,1371246741.1596584431,"#######
#     #
#     #
#  @  #
#     #
#     #
#######",[]
296,20200804,1596586462319159,1371246741.1596584431,"#######
#.    #
#     #
#  @  #
#     #
#     #
#######",[]
297,20200804,1596586462319159,1371246741.1596584431,"#######
#.    #
#     #
#  @  #
#     #
#.    #
#######",[]
298,20200804,1596586462319159,1371246741.1596584431,"#######
#.    #
#     #
#  @  #
#     #
#.   .#
#######",[]
299,20200804,1596586462319159,1371246741.1596584431,"#######
#.   .#
#     #
#  @  #
#     #
#.   .#
#######",[]
300,20200804,1596586467425409,1371246741.1596584431,"#######
#.   .#
#     #
#  @  #
# #   #
#.   .#
#######",[]
301,20200804,1596586467425409,1371246741.1596584431,"#######
#.   .#
#     #
# #@  #
# #   #
#.   .#
#######",[]
302,20200804,1596586467425409,1371246741.1596584431,"#######
#.   .#
# #   #
# #@  #
# #   #
#.   .#
#######",[]
303,20200804,1596586467425409,1371246741.1596584431,"#######
#.   .#
# ##  #
# #@  #
# #   #
#.   .#
#######",[]
304,20200804,1596586467425409,1371246741.1596584431,"#######
#.   .#
# ### #
# #@  #
# #   #
#.   .#
#######",[]
305,20200804,1596586467425409,1371246741.1596584431,"#######
#.   .#
# ### #
# #@# #
# #   #
#.   .#
#######",[]
306,20200804,1596586467425409,1371246741.1596584431,"#######
#.   .#
# ### #
# #@# #
# # # #
#.   .#
#######",[]
307,20200804,1596586467425409,1371246741.1596584431,"#######
#.   .#
# ### #
# #@# #
# # # #
#.  $.#
#######",[]
308,20200804,1596586467425409,1371246741.1596584431,"#######
#.   .#
# ### #
# #@# #
# # # #
#.$ $.#
#######",[]
309,20200804,1596586473458881,1371246741.1596584431,"#######
#.   .#
# # # #
# #@# #
# # # #
#.$ $.#
#######",[]
310,20200804,1596586478860549,1371246741.1596584431,"#######
#.$  .#
# # # #
# #@# #
# # # #
#.$ $.#
#######",[]
311,20200804,1596586478860549,1371246741.1596584431,"#######
#.$ $.#
# # # #
# #@# #
# # # #
#.$ $.#
#######","[3, 3, 1, 0, 0, 1, 2, 2, 2, 2, 1, 0, 0]"
312,20200804,1596586491405300,1371246741.1596584431,"#######
#.$ $.#
# #$# #
# #@# #
# # # #
#.$ $.#
#######",[]
313,20200804,1596586491405300,1371246741.1596584431,"#######
#.$ $.#
# # # #
# #@# #
# # # #
#.$ $.#
#######","[3, 3, 1, 0, 0, 1, 2, 2, 2, 2, 1, 0, 0]"
314,20200804,1596586491405300,1371246741.1596584431,"#######
#.$ $.#
### # #
# #@# #
# # # #
#.$ $.#
#######","[3, 3, 1, 0, 0, 1, 2, 2, 2, 2, 1, 0, 0]"
315,20200804,1596586510180559,1371246741.1596584431,"#######
#     #
#     #
#  @  #
#     #
#     #
#######",[]
316,20200804,1596586581064490,1371246741.1596584431,"#######
#     #
#     #
#  @  #
#  $  #
#     #
#######",[]
317,20200804,1596586598655549,1371246741.1596584431,"#######
#     #
#     #
#  @  #
# #$  #
#     #
#######",[]
318,20200804,1596586598655549,1371246741.1596584431,"#######
#     #
#     #
# #@  #
# #$  #
#     #
#######",[]
319,20200804,1596586598655549,1371246741.1596584431,"#######
#     #
# #   #
# #@  #
# #$  #
#     #
#######",[]
320,20200804,1596586598655549,1371246741.1596584431,"#######
#     #
# ##  #
# #@  #
# #$  #
#     #
#######",[]
321,20200804,1596586598655549,1371246741.1596584431,"#######
#     #
# ### #
# #@  #
# #$  #
#     #
#######",[]
322,20200804,1596586598655549,1371246741.1596584431,"#######
#     #
# ### #
# #@# #
# #$  #
#     #
#######",[]
323,20200804,1596586603872066,1371246741.1596584431,"#######
#     #
# ### #
# #@# #
# #$# #
#     #
#######",[]
324,20200804,1596586603872066,1371246741.1596584431,"#######
#     #
# ### #
# #@# #
#  $# #
#     #
#######",[]
325,20200804,1596586609147776,1371246741.1596584431,"#######
#     #
# ### #
# #@  #
#  $# #
#     #
#######",[]
326,20200804,1596586620370884,1371246741.1596584431,"#######
#     #
# ### #
# #@  #
#  $  #
#     #
#######",[]
327,20200804,1596586620370884,1371246741.1596584431,"#######
#.    #
# ### #
# #@  #
#  $  #
#     #
#######","[0, 2, 1, 1, 2, 1, 3, 3, 3]"
328,20200804,1596586629240423,1371246741.1596584431,"#######
#.    #
# ### #
# #@# #
#  $  #
#     #
#######",[]
329,20200804,1596586634538473,1371246741.1596584431,"#######
#.    #
# ### #
# #@  #
#  $  #
#     #
#######","[0, 2, 1, 1, 2, 1, 3, 3, 3]"
330,20200804,1596586676738393,1371246741.1596584431,"#######
#.    #
# ### #
# #@  #
#  $  #
#.    #
#######",[]
331,20200804,1596586676738393,1371246741.1596584431,"#######
#.  $ #
# ### #
# #@  #
#  $  #
#.    #
#######","[2, 0, 2, 1, 1, 0, 0, 0, 3, 3, 3, 3, 1, 1, 1]"
332,20200804,1596586681970761,1371246741.1596584431,"#######
#.  $ #
# ### #
# #@  #
#  $ ##
#.    #
#######","[2, 0, 2, 1, 1, 0, 0, 3, 3, 0, 3, 3, 1, 1, 1]"
333,20200804,1596586688007649,1371246741.1596584431,"#######
#.  $ #
# ### #
# #@  #
#  $ ##
#.   ##
#######","[2, 0, 2, 1, 1, 0, 0, 3, 3, 0, 3, 3, 1, 1, 1]"
334,20200804,1596586763076645,1371246741.1596584431,"#######
#.  $ #
# ### #
#$#@  #
#  $ ##
#.   ##
#######",[]
335,20200804,1596586768557463,1371246741.1596584431,"#######
#.  $ #
#.### #
#$#@  #
#  $ ##
#.   ##
#######","[2, 0, 2, 1, 1, 3, 1, 3, 2, 0, 0, 0, 3, 0, 3, 3, 1, 1, 1]"
336,20200804,1596586819611747,1371246741.1596584431,"#######
#     #
#     #
#     #
#     #
#     #
#######",[]
337,20200804,1596586819611747,1371246741.1596584431,"#######
#@    #
#     #
#     #
#     #
#     #
#######",[]
338,20200804,1596586824879354,1371246741.1596584431,"#######
#@    #
# #   #
#     #
#     #
#     #
#######",[]
339,20200804,1596586824879354,1371246741.1596584431,"#######
#@    #
# ##  #
#     #
#     #
#     #
#######",[]
340,20200804,1596586824879354,1371246741.1596584431,"#######
#@    #
# ### #
#     #
#     #
#     #
#######",[]
341,20200804,1596586824879354,1371246741.1596584431,"#######
#@    #
# ### #
#     #
#    ##
#     #
#######",[]
342,20200804,1596586824879354,1371246741.1596584431,"#######
#@    #
# ### #
#     #
#   ###
#     #
#######",[]
343,20200804,1596586824879354,1371246741.1596584431,"#######
#@    #
# ### #
#     #
#  ####
#     #
#######",[]
344,20200804,1596586824879354,1371246741.1596584431,"#######
#@    #
# ### #
#     #
# #####
#     #
#######",[]
345,20200804,1596586824879354,1371246741.1596584431,"#######
#@    #
##### #
#     #
# #####
#     #
#######",[]
346,20200804,1596586831907592,1371246741.1596584431,"#######
#@    #
##### #
#     #
# #####
# $   #
#######",[]
347,20200804,1596586831907592,1371246741.1596584431,"#######
#@    #
##### #
#     #
# #####
# $  .#
#######","[0, 0, 0, 0, 2, 2, 1, 1, 1, 1, 2, 2, 0, 0, 0]"
348,20200804,1596586841537850,1371246741.1596584431,"#######
#     #
#     #
#  @  #
#     #
#     #
#######",[]
349,20200804,1596586858547612,1371246741.1596584431,"#######
#     #
#  $  #
# ..@ #
#  $  #
#     #
#######","[3, 3, 1, 2, 0, 2, 2, 1, 2, 1, 3]"
350,20200804,1596586876188977,1371246741.1596584431,"#######
# .$@ #
#  $  #
# ..@ #
#  $  #
#     #
#######",[]
351,20200804,1596586882722966,1371246741.1596584431,"#######
# .$@ #
#  $  #
# ..@ #
#  $  #
#     #
#######",[]
352,20200804,1596586882722966,1371246741.1596584431,"#######
# .$@ #
#  $  #
# ..@ #
#     #
#     #
#######",[]
353,20200804,1596586889093529,1371246741.1596584431,"#######
# .$@ #
#  $  #
#$$#@ #
##..  #
#.$@  #
#######",[]
354,20200804,1596586889093529,1371246741.1596584431,"#######
# ..$$#
#  $#@#
#$$$@@#
##..  #
#.$@  #
#######",[]
355,20200804,1596586894582305,1371246741.1596584431,"#######
# ..$$#
#  $#@#
#$$$@@#
##.@..#
#.$.@.#
#######",[]
356,20200804,1596586894582305,1371246741.1596584431,"#######
# ..$$#
# ..@@#
#$...@#
##.@@.#
#.$.@.#
#######",[]
357,20200804,1596586899867311,1371246741.1596584431,"#######
#$$.$$#
#$$.@@#
#$...@#
##.@@.#
#.$.@.#
#######",[]
358,20200804,1596586899867311,1371246741.1596584431,"#######
#$$.$$#
#$$..@#
#$...@#
##.@@.#
#.$.@.#
#######",[]
359,20200804,1596586899867311,1371246741.1596584431,"#######
#$$.$$#
#$$..@#
#$. .@#
##.@@.#
#.$.@.#
#######",[]
360,20200804,1596586899867311,1371246741.1596584431,"#######
#$$.$$#
#$$ .@#
#$. .@#
##.@@.#
#.$.@.#
#######",[]
361,20200804,1596586899867311,1371246741.1596584431,"#######
#$$.$$#
#$$ .@#
#$.  @#
##.@@.#
#.$.@.#
#######",[]
362,20200804,1596586899867311,1371246741.1596584431,"#######
#$$.$$#
#$$ .@#
#$.   #
##.@@.#
#.$.@.#
#######",[]
363,20200804,1596586899867311,1371246741.1596584431,"#######
#$$.$$#
#$$ . #
#$.   #
##.@@.#
#.$.@.#
#######",[]
364,20200804,1596586899867311,1371246741.1596584431,"#######
#$$.$ #
#$$ . #
#$.   #
##.@@.#
#.$.@.#
#######",[]
365,20200804,1596586899867311,1371246741.1596584431,"#######
#$$.  #
#$$ . #
#$.   #
##.@@.#
#.$.@.#
#######",[]
366,20200804,1596586899867311,1371246741.1596584431,"#######
#$$   #
#$$ . #
#$.   #
##.@@.#
#.$.@.#
#######",[]
367,20200804,1596586899867311,1371246741.1596584431,"#######
#$$   #
#$  . #
#$.   #
##.@@.#
#.$.@.#
#######",[]
368,20200803,1596480706382720,2109531637.1596480701,"#######
#     #
#     #
#  @  #
#     #
#     #
#######",[]
369,20200803,1596464333235032,1868153729.1596464321,"#######
#     #
#     #
#  @  #
#     #
#     #
#######",[]
370,20200803,1596436246384711,1590575141.1596436240,"#######
#     #
#     #
#  @  #
#     #
#     #
#######",[]
371,20200803,1596429230370103,1734052381.1596429223,"#######
#     #
#     #
#  @  #
#     #
#     #
#######",[]
372,20200803,1596493314726055,912346600.1596493309,"#######
#     #
#     #
#  @  #
#     #
#     #
#######",[]
373,20200803,1596493381251093,2091143643.1596493374,"#######
#     #
#     #
#  @  #
#     #
#     #
#######",[]
374,20200803,1596437276457333,1120019585.1596437267,"#######
#     #
#     #
#  @  #
#     #
#     #
#######",[]
375,20200803,1596437284702525,1120019585.1596437267,"#######
#     #
#     #
#     #
#     #
#     #
#######",[]
376,20200803,1596437300448376,1120019585.1596437267,"#######
#     #
#  $  #
# ..@ #
#  $  #
#     #
#######","[3, 3, 1, 2, 0, 2, 2, 1, 2, 1, 3]"
377,20200803,1596437300448376,1120019585.1596437267,"#######
#     #
#  $  #
# @$. #
#  .  #
#     #
#######","[0, 1, 3, 3, 0, 2, 2]"
378,20200803,1596448611619663,1475981336.1596448604,"#######
#     #
#     #
#  @  #
#     #
#     #
#######",[]
379,20200803,1596448633429469,1475981336.1596448604,"#######
#     #
#     #
#  @  #
#     #
#     #
#######",[]
380,20200803,1596448633429469,1475981336.1596448604,"#######
#     #
#     #
#  #  #
#     #
#     #
#######",[]
381,20200803,1596448633429469,1475981336.1596448604,"#######
#     #
#  #  #
#  #  #
#     #
#     #
#######",[]
382,20200803,1596448639682076,1475981336.1596448604,"#######
#     #
#  ## #
#  #  #
#     #
#     #
#######",[]
383,20200803,1596448639682076,1475981336.1596448604,"#######
#     #
#  ## #
#  #  #
#     #
#    @#
#######",[]
384,20200803,1596448649682245,1475981336.1596448604,"#######
#     #
#  ## #
#  #  #
#     #
#    @#
#######",[]
385,20200803,1596448654808117,1475981336.1596448604,"#######
#     #
#  .# #
# ..$ #
#  $  #
#    @#
#######",[]
386,20200803,1596448654808117,1475981336.1596448604,"#######
#     #
#  $# #
# $$. #
#  .  #
#    @#
#######",[]
387,20200803,1596448654808117,1475981336.1596448604,"#######
#     #
#  .# #
# ..$ #
#  $  #
#    @#
#######",[]
388,20200803,1596448654808117,1475981336.1596448604,"#######
#     #
#  $# #
# $$. #
#  .  #
#    @#
#######",[]
389,20200803,1596448668527453,1475981336.1596448604,"#######
#     #
#  .# #
# ..$ #
#  $  #
#    @#
#######",[]
390,20200803,1596436259703755,1084056299.1596436254,"#######
#     #
#     #
#  @  #
#     #
#     #
#######",[]
391,20200803,1596436285215744,1084056299.1596436254,"#######
#     #
#     #
#  @# #
#     #
#     #
#######",[]
392,20200803,1596436285215744,1084056299.1596436254,"#######
#     #
#     #
# #@# #
#     #
#     #
#######",[]
393,20200803,1596436285215744,1084056299.1596436254,"#######
#     #
#  #  #
# #@# #
#     #
#     #
#######",[]
394,20200803,1596436290682780,1084056299.1596436254,"#######
#  $  #
# $@@ #
# #.# #
#     #
#     #
#######",[]
395,20200803,1596436290682780,1084056299.1596436254,"#######
#  $  #
# $@@ #
# #.# #
#     #
#   # #
#######",[]
396,20200803,1596436290682780,1084056299.1596436254,"#######
#  $  #
# $@@ #
# #.# #
#   $ #
#  .$.#
#######",[]
397,20200803,1596436290682780,1084056299.1596436254,"#######
#  $  #
# $@@ #
# #.# #
#   $ #
#  #$.#
#######",[]
398,20200803,1596436290682780,1084056299.1596436254,"#######
#  $  #
# $@@ #
# #.# #
#   $ #
#  #$##
#######",[]
399,20200803,1596436302284001,1084056299.1596436254,"#######
#  $  #
# $@@ #
# #.# #
#   $ #
#  #$##
#######",[]
400,20200803,1596436302284001,1084056299.1596436254,"#######
#  $  #
# $@@ #
# #.# #
#   $ #
# ##$##
#######",[]
401,20200803,1596436302284001,1084056299.1596436254,"#######
#  $  #
# $@@ #
# #.# #
# @ $ #
# ##$##
#######",[]
402,20200803,1596436308804264,1084056299.1596436254,"#######
#  $  #
# $@@ #
# #.# #
# @ $ #
#@##$##
#######",[]
403,20200803,1596436308804264,1084056299.1596436254,"#######
#  $  #
# $@@ #
# #.# #
# @ $@#
#@##$##
#######",[]
404,20200803,1596436308804264,1084056299.1596436254,"#######
#     #
# $@@ #
# #.# #
# @ $@#
#@##$##
#######",[]
405,20200803,1596436308804264,1084056299.1596436254,"#######
#     #
# $@@ #
# # # #
# @ $@#
#@##$##
#######",[]
406,20200803,1596436308804264,1084056299.1596436254,"#######
#     #
# $@@ #
#   # #
# @ $@#
#@##$##
#######",[]
407,20200803,1596436308804264,1084056299.1596436254,"#######
#     #
# $@@ #
#   # #
#   $@#
#@##$##
#######",[]
408,20200803,1596434042111307,1517589819.1596434033,"#######
#     #
#     #
#  @  #
#     #
#     #
#######",[]
409,20200803,1596434048149432,1517589819.1596434033,"#######
#    .#
#     #
#  @  #
#     #
#     #
#######",[]
410,20200803,1596434053187366,1517589819.1596434033,"#######
#    .#
# .   #
#  @  #
#     #
#     #
#######",[]
411,20200803,1596434053187366,1517589819.1596434033,"#######
#    .#
# ..  #
#  @  #
#     #
#     #
#######",[]
412,20200803,1596434066184899,1517589819.1596434033,"#######
#    .#
# ..$ #
#  @  #
#     #
#     #
#######",[]
413,20200803,1596434066184899,1517589819.1596434033,"#######
#    .#
# $.$ #
#  @  #
#     #
#     #
#######","[0, 3, 1, 3, 0, 1, 1, 1, 2, 0]"
414,20200803,1596434066184899,1517589819.1596434033,"#######
#    .#
# $$$ #
#  @  #
#     #
#     #
#######",[]
415,20200803,1596434066184899,1517589819.1596434033,"#######
#    .#
# $$$$#
#  @  #
#     #
#     #
#######",[]
416,20200803,1596434073149649,1517589819.1596434033,"#######
#    .#
# $$$$#
# $@  #
#     #
#     #
#######",[]
417,20200803,1596434073149649,1517589819.1596434033,"#######
#    .#
# $$$$#
# $@  #
# $   #
#     #
#######",[]
418,20200803,1596434073149649,1517589819.1596434033,"#######
#    .#
# $$$$#
# $@  #
# $$  #
#     #
#######",[]
419,20200803,1596434073149649,1517589819.1596434033,"#######
#    .#
# $$$$#
# $@  #
# $$$ #
#     #
#######",[]
420,20200803,1596434113953278,1517589819.1596434033,"#######
#    .#
# $$$$#
# $@$ #
# $$$ #
#     #
#######",[]
421,20200803,1596462726147229,1004911408.1596462719,"#######
#     #
#     #
#  @  #
#     #
#     #
#######",[]
422,20200803,1596495864787514,1484620079.1596495859,"#######
#     #
#     #
#  @  #
#     #
#     #
#######",[]
423,20200803,1596495875574648,1484620079.1596495859,"#######
#     #
#     #
#  @  #
#  @.9999998  #
#     #
#######",[]
424,20200803,1596495880869744,1484620079.1596495859,"#######
#     #
#     #
#  @  #
#  @.9999998 @.9999998#
#     #
#######",[]
425,20200803,1596495890336010,1484620079.1596495859,"#######
#     #
# @.9999998   #
#  @  #
#  @.9999998 @.9999998#
#     #
#######",[]
426,20200803,1596495896550665,1484620079.1596495859,"#######
#     #
# @.9999998   #
#  @ .#
#  @.9999998 @.9999998#
#     #
#######",[]
427,20200803,1596495896550665,1484620079.1596495859,"#######
#     #
# @.9999998   #
#  @ .#
#  @.9999998.@.9999998#
#     #
#######",[]
428,20200803,1596495921926877,1484620079.1596495859,"#######
#     #
# @.9999998   #
#  @ .#
#. @.9999998.@.9999998#
#     #
#######",[]
429,20200803,1596495938090788,1484620079.1596495859,"#######
#     #
# @.9999998   #
## @ .#
#. @.9999998.@.9999998#
#     #
#######",[]
430,20200803,1596495946117937,1484620079.1596495859,"#######
#     #
# @.9999998   #
###@ .#
#. @.9999998.@.9999998#
#     #
#######",[]
431,20200803,1596496083845504,1484620079.1596495859,"#######
#     #
#     #
#  @  #
#     #
#     #
#######",[]
432,20200803,1596496090832637,1484620079.1596495859,"#######
#     #
#     #
#  @  #
#    @.9999998#
#     #
#######",[]
433,20200803,1596496096384738,1484620079.1596495859,"#######
#     #
#     #
#  @  #
# @.9999998  @.9999998#
#     #
#######",[]
434,20200803,1596496101671579,1484620079.1596495859,"#######
#     #
# @.9999998   #
#  @  #
# @.9999998  @.9999998#
#     #
#######",[]
435,20200803,1596496111846394,1484620079.1596495859,"#######
#     #
# @.9999998   #
#  @ .#
# @.9999998  @.9999998#
#     #
#######",[]
436,20200803,1596496111846394,1484620079.1596495859,"#######
#     #
# @.9999998   #
#  @ .#
#.@.9999998  @.9999998#
#     #
#######",[]
437,20200803,1596496117689254,1484620079.1596495859,"#######
#     #
# @.9999998   #
#  @ .#
#.@.9999998 .@.9999998#
#     #
#######",[]
438,20200803,1596496123001634,1484620079.1596495859,"#######
#     #
# @.9999998   #
## @ .#
#.@.9999998 .@.9999998#
#     #
#######",[]
439,20200803,1596496123001634,1484620079.1596495859,"#######
#     #
# @.9999998   #
###@ .#
#.@.9999998 .@.9999998#
#     #
#######",[]
440,20200803,1596496188146898,1484620079.1596495859,"#######
#  @.9999998  #
# @.9999998   #
###@ .#
#.@.9999998 .@.9999998#
#     #
#######",[]
441,20200803,1596496193661102,1484620079.1596495859,"#######
#  @.9999998  #
# @.9999998@.9999998  #
##@.9999998@.9999998@.9999998.#
#.@.9999998@.9999998",[]
442,20200803,1596496193661102,1484620079.1596495859,"#######
#  @.9999998 @#
# @.9999998@.9999998  #
##@.9999998@.9999998@.9999998.#
#.@.9999998@.9999998",[]
443,20200803,1596496229373513,1484620079.1596495859,"#######
#  @.9999998 @#
# @.9999998@.9999998  #
##@.9999998@.9999998@.9999998.#
#.@.9999998@.9999998",[]
444,20200803,1596496234860827,1484620079.1596495859,"#######
#  @.9999998 @#
# .@.9999998@.9999998.#
##.@.9999998..#
#..@.9999998@.9999998.#
# .@.9999998",[]
445,20200803,1596461523253004,895096090.1596461518,"#######
#     #
#     #
#  @  #
#     #
#     #
#######",[]
446,20200803,1596433281682939,1077578486.1596433276,"#######
#     #
#     #
#  @  #
#     #
#     #
#######",[]
447,20200803,1596468605561920,397456033.1596468602,"#######
#     #
#     #
#  @  #
#     #
#     #
#######",[]
448,20200803,1596468619962795,397456033.1596468602,"#######
#     #
#     #
#  @$ #
#     #
#     #
#######",[]
449,20200803,1596468627175130,397456033.1596468602,"#######
#     #
#   . #
#  @$ #
#     #
#     #
#######","[2, 0, 3]"
450,20200803,1596474083505528,391320080.1596407172,"#######
#     #
#     #
#  @  #
#     #
#     #
#######",[]
451,20200803,1596437527917120,713311713.1596437520,"#######
#     #
#     #
#  @  #
#     #
#     #
#######",[]
452,20200803,1596437549057812,713311713.1596437520,"#######
#     #
#     #
#  $@ #
#  .  #
#     #
#######","[3, 1, 2]"
453,20200803,1596437549057812,713311713.1596437520,"#######
#     #
#     #
#  #@ #
#  .  #
#     #
#######",[]
454,20200803,1596437549057812,713311713.1596437520,"#######
#     #
#  $  #
#  #@ #
#  .  #
#     #
#######","[3, 1, 3, 1, 2, 2, 1, 2, 0]"
455,20200803,1596437554376831,713311713.1596437520,"#######
#     #
#  $$ #
#  #@ #
#  .  #
#     #
#######",[]
456,20200803,1596437554376831,713311713.1596437520,"#######
#     #
#  $$$#
#  #@ #
#  .  #
#     #
#######",[]
457,20200803,1596500358927949,1010075655.1596500349,"#######
#     #
#     #
#  @  #
#     #
#     #
#######",[]
458,20200803,1596500364094321,1010075655.1596500349,"#######
#     #
#     #
#  @  #
#     #
#  #  #
#######",[]
459,20200803,1596500364094321,1010075655.1596500349,"#######
#     #
#     #
#  @  #
#  #  #
#  #  #
#######",[]
460,20200803,1596497076605070,1397870444.1596497072,"#######
#     #
#     #
#  @  #
#     #
#     #
#######",[]
461,20200803,1596497076605070,1397870444.1596497072,"#######
#     #
#  #  #
#  @  #
#     #
#     #
#######",[]
462,20200803,1596497076605070,1397870444.1596497072,"#######
#     #
#  ## #
#  @  #
#     #
#     #
#######",[]
463,20200803,1596497076605070,1397870444.1596497072,"#######
#     #
#  ## #
#  @# #
#     #
#     #
#######",[]
464,20200803,1596497076605070,1397870444.1596497072,"#######
#     #
#  ## #
#  @# #
#   # #
#     #
#######",[]
465,20200803,1596497076605070,1397870444.1596497072,"#######
#     #
#  ## #
#  @# #
#  ## #
#     #
#######",[]
466,20200803,1596497076605070,1397870444.1596497072,"#######
#     #
#  ## #
#  @# #
# ### #
#     #
#######",[]
467,20200803,1596497076605070,1397870444.1596497072,"#######
#     #
#  ## #
#  @# #
# ### #
# #   #
#######",[]
468,20200803,1596497081611623,1397870444.1596497072,"#######
#     #
#  ## #
#  @# #
# ### #
# ##  #
#######",[]
469,20200803,1596497081611623,1397870444.1596497072,"#######
#     #
#  ## #
#  @# #
# ### #
# ### #
#######",[]
470,20200803,1596497081611623,1397870444.1596497072,"#######
#     #
#  ## #
#  @# #
# ### #
# #####
#######",[]
471,20200803,1596497243542713,1397870444.1596497072,"#######
#     #
#     #
#  @  #
#     #
#     #
#######",[]
